Emisi,Selisih
4.318154718724564,0.948154718724564
4.267805001886131,0.7211383348861315
4.223248203248384,0.769914870248384
4.200779618158461,0.794112951158461
4.198230267312466,0.2848969343124659
