T,EC,VWC,Emisi
26.75,0.04,0.32265,3.37
26.475,0.04,0.32155,3.546666667
26.25,0.04,0.321075,3.453333333
26.1,0.04,0.31915,3.406666667
26.1,0.04,0.319775,3.913333333
26.225,0.04,0.319525,4.26
26.85,0.04,0.321875,4.03
27.3,0.0525,0.3637,3.13
28,0.045,0.3563,3.78
28.95,0.04,0.351725,3.996666667
29.45,0.04,0.34725,4.073333333
29.55,0.04,0.3439,4.12
25.625,0.0275,0.309475,3.77
26.25,0.03,0.310525,3.82