Wh11,Wh22,Wh33,Wh44,slope,intercept
-6.65926975,-6.196266934,29.3432756,3.209068792,0.068633704,0.430070448
