,T,EC,VWC,Bias,Emisi
Min,15,0,0,,0
Average,29.17024593,0.041627583,0.277543288,,3.856579356
Max,45,0.2,1,,9
Dev,2.636075822,0.031283976,0.037228815,,1.016750053
Wmin,-0.998959652,10.01218133,-9.947188557,20.04309062,
Wave,-2.095217745,5.648661438,52.06688636,-19.10330961,
Wmax,1.791487609,1.696471167,3.036353675,-3.57671518,
Wdev,7.066987823,-64.33762511,49.90455357,-3.265277442,
